Item_Identifier,Item_Weight,Item_Fat_Content,Item_Type
DRA12,11.6,Low Fat,Soft Drinks
DRA24,19.35,Regular,Soft Drinks
DRA59,8.27,Regular,Soft Drinks
DRB01,7.39,Low Fat,Soft Drinks
DRB13,6.115,Regular,Soft Drinks
DRB24,8.785,Low Fat,Soft Drinks
DRB25,12.3,Low Fat,Soft Drinks
DRB48,16.75,Regular,Soft Drinks
DRC01,5.92,Regular,Soft Drinks
DRC12,17.85,Low Fat,Soft Drinks
DRC13,8.26,Regular,Soft Drinks
DRC24,17.85,Low Fat,Soft Drinks
DRC25,5.73,Low Fat,Soft Drinks
DRC27,13.8,Low Fat,Dairy
DRC36,13.0,Regular,Soft Drinks
DRC49,8.67,Low Fat,Soft Drinks
DRD01,12.1,Regular,Soft Drinks
DRD12,6.96,Low Fat,Soft Drinks
DRD13,15.0,Low Fat,Soft Drinks
DRD15,10.6,Low Fat,Dairy
DRD24,13.85,Low Fat,Soft Drinks
DRD25,6.135,Low Fat,Soft Drinks
DRD27,18.75,Low Fat,Dairy
DRD37,9.8,Low Fat,Soft Drinks
DRD49,9.895,Low Fat,Soft Drinks
DRD60,15.7,Low Fat,Soft Drinks
DRE01,10.1,Low Fat,Soft Drinks
DRE03,19.6,Low Fat,Dairy
DRE12,4.59,Low Fat,Soft Drinks
DRE13,6.28,Low Fat,Soft Drinks
DRE15,13.35,Low Fat,Dairy
DRE25,15.35,Low Fat,Soft Drinks
DRE27,11.85,Low Fat,Dairy
DRE37,13.5,Low Fat,Soft Drinks
DRE48,8.43,Low Fat,Soft Drinks
DRE49,20.75,Low Fat,Soft Drinks
DRE60,9.395,Low Fat,Soft Drinks
DRF01,5.655,Low Fat,Soft Drinks
DRF03,19.1,Low Fat,Dairy
DRF13,12.1,Low Fat,Soft Drinks
DRF15,18.35,Low Fat,Dairy
DRF23,4.61,Low Fat,Hard Drinks
DRF25,9.0,Low Fat,Soft Drinks
DRF27,8.93,Low Fat,Dairy
DRF36,16.1,Low Fat,Soft Drinks
DRF37,17.25,Low Fat,Soft Drinks
DRF48,5.73,Low Fat,Soft Drinks
DRF49,7.27,Low Fat,Soft Drinks
DRF51,15.75,Low Fat,Dairy
DRF60,10.8,Low Fat,Soft Drinks
DRG01,14.8,Low Fat,Soft Drinks
DRG03,14.5,Low Fat,Dairy
DRG11,6.385,Low Fat,Hard Drinks
DRG13,17.25,Low Fat,Soft Drinks
DRG15,6.13,Low Fat,Dairy
DRG23,8.88,Low Fat,Hard Drinks
DRG25,10.5,Low Fat,Soft Drinks
DRG27,8.895,Low Fat,Dairy
DRG36,14.15,Low Fat,Soft Drinks
DRG37,16.2,Low Fat,Soft Drinks
DRG39,14.15,Low Fat,Dairy
DRG48,5.78,Low Fat,Soft Drinks
DRG49,7.81,Low Fat,Soft Drinks
DRG51,12.1,Low Fat,Dairy
DRH01,17.5,Low Fat,Soft Drinks
DRH03,17.25,Low Fat,Dairy
DRH11,5.98,Low Fat,Hard Drinks
DRH13,8.575,Low Fat,Soft Drinks
DRH15,8.775,Low Fat,Dairy
DRH23,14.65,Low Fat,Hard Drinks
DRH25,18.7,Low Fat,Soft Drinks
DRH36,16.2,Low Fat,Soft Drinks
DRH37,17.6,Low Fat,Soft Drinks
DRH39,20.7,Low Fat,Dairy
DRH49,19.7,Low Fat,Soft Drinks
DRH51,17.6,Low Fat,Dairy
DRH59,10.8,Low Fat,Hard Drinks
DRI01,7.97,Low Fat,Soft Drinks
DRI03,6.03,Low Fat,Dairy
DRI11,8.26,Low Fat,Hard Drinks
DRI13,15.35,Low Fat,Soft Drinks
DRI23,18.85,Low Fat,Hard Drinks
DRI25,19.6,Low Fat,Soft Drinks
DRI37,15.85,Low Fat,Soft Drinks
DRI39,13.8,Low Fat,Dairy
DRI47,14.7,Low Fat,Hard Drinks
DRI49,14.15,Low Fat,Soft Drinks
DRI51,17.25,Low Fat,Dairy
DRI59,9.5,Low Fat,Hard Drinks
DRJ01,6.135,Low Fat,Soft Drinks
DRJ11,9.5,Low Fat,Hard Drinks
DRJ13,12.65,Low Fat,Soft Drinks
DRJ23,18.35,Low Fat,Hard Drinks
DRJ24,11.8,Low Fat,Soft Drinks
DRJ25,14.6,Low Fat,Soft Drinks
DRJ35,10.1,Low Fat,Hard Drinks
DRJ37,10.8,Low Fat,Soft Drinks
DRJ39,20.25,Low Fat,Dairy
DRJ47,18.25,Low Fat,Hard Drinks
DRJ49,6.865,Low Fat,Soft Drinks
DRJ51,14.1,Low Fat,Dairy
DRJ59,11.65,Low Fat,Hard Drinks
DRK01,7.63,Low Fat,Soft Drinks
DRK11,8.21,Low Fat,Hard Drinks
DRK12,9.5,Low Fat,Soft Drinks
DRK13,11.8,Low Fat,Soft Drinks
DRK23,8.395,Low Fat,Hard Drinks
DRK35,8.365,Low Fat,Hard Drinks
DRK37,5.0,Low Fat,Soft Drinks
DRK39,7.02,Low Fat,Dairy
DRK47,7.905,Low Fat,Hard Drinks
DRK49,14.15,Low Fat,Soft Drinks
DRK59,8.895,Low Fat,Hard Drinks
DRL01,19.5,Regular,Soft Drinks
DRL11,10.5,Low Fat,Hard Drinks
DRL23,18.35,Low Fat,Hard Drinks
DRL35,15.7,Low Fat,Hard Drinks
DRL37,15.5,Low Fat,Soft Drinks
DRL47,19.7,Low Fat,Hard Drinks
DRL49,13.15,Low Fat,Soft Drinks
DRL59,16.75,Low Fat,Hard Drinks
DRL60,8.52,Low Fat,Soft Drinks
DRM11,6.57,Low Fat,Hard Drinks
DRM23,16.6,Low Fat,Hard Drinks
DRM35,9.695,Low Fat,Hard Drinks
DRM37,15.35,Low Fat,Soft Drinks
DRM47,9.3,Low Fat,Hard Drinks
DRM48,15.2,Low Fat,Soft Drinks
DRM49,6.11,Regular,Soft Drinks
DRM59,5.88,Low Fat,Hard Drinks
DRN11,7.85,Low Fat,Hard Drinks
DRN35,8.01,Low Fat,Hard Drinks
DRN36,15.2,Low Fat,Soft Drinks
DRN37,9.6,Low Fat,Soft Drinks
DRN47,12.1,Low Fat,Hard Drinks
DRN59,15.0,Low Fat,Hard Drinks
DRO35,13.85,Low Fat,Hard Drinks
DRO47,10.195,Low Fat,Hard Drinks
DRO59,11.8,Low Fat,Hard Drinks
DRP35,18.85,Low Fat,Hard Drinks
DRP47,15.75,Low Fat,Hard Drinks
DRQ35,9.3,Low Fat,Hard Drinks
DRY23,9.395,Regular,Soft Drinks
DRZ11,8.85,Regular,Soft Drinks
DRZ24,7.535,Low Fat,Soft Drinks
FDA01,15.0,Regular,Canned
FDA02,14.0,Regular,Dairy
FDA03,18.5,Regular,Dairy
FDA04,11.3,Regular,Frozen Foods
FDA07,7.55,Regular,Fruits and Vegetables
FDA08,11.85,Regular,Fruits and Vegetables
FDA09,13.35,Regular,Snack Foods
FDA10,20.35,Low Fat,Snack Foods
FDA11,7.75,Low Fat,Baking Goods
FDA13,15.85,Low Fat,Canned
FDA14,16.1,Low Fat,Dairy
FDA15,9.3,Low Fat,Dairy
FDA16,6.695,Low Fat,Frozen Foods
FDA19,7.52,Low Fat,Fruits and Vegetables
FDA20,6.78,Low Fat,Fruits and Vegetables
FDA21,13.65,Low Fat,Snack Foods
FDA22,7.435,Low Fat,Starchy Foods
FDA23,9.8,Low Fat,Baking Goods
FDA25,16.5,Regular,Canned
FDA26,7.855,Regular,Dairy
FDA27,20.35,Regular,Dairy
FDA28,16.1,Regular,Frozen Foods
FDA31,7.1,Low Fat,Fruits and Vegetables
FDA32,14.0,Low Fat,Fruits and Vegetables
FDA33,6.48,Low Fat,Snack Foods
FDA34,11.5,Low Fat,Starchy Foods
FDA35,14.85,Regular,Baking Goods
FDA36,5.985,Low Fat,Baking Goods
FDA37,7.81,Regular,Canned
FDA38,5.44,Low Fat,Dairy
FDA39,6.32,Low Fat,Meat
FDA40,16.0,Regular,Frozen Foods
FDA43,10.895,Low Fat,Fruits and Vegetables
FDA44,19.7,Low Fat,Fruits and Vegetables
FDA45,21.25,Low Fat,Snack Foods
FDA46,13.6,Low Fat,Snack Foods
FDA47,10.5,Regular,Baking Goods
FDA48,12.1,Low Fat,Baking Goods
FDA49,19.7,Low Fat,Canned
FDA50,16.25,Low Fat,Dairy
FDA51,8.05,Regular,Dairy
FDA52,16.2,Regular,Frozen Foods
FDA55,17.2,Regular,Fruits and Vegetables
FDA56,9.21,Low Fat,Fruits and Vegetables
FDA57,18.85,Low Fat,Snack Foods
FDA58,9.395,Low Fat,Snack Foods
FDB02,9.695,Regular,Canned
FDB03,17.75,Regular,Dairy
FDB04,11.35,Regular,Dairy
FDB05,5.155,Low Fat,Frozen Foods
FDB08,6.055,Low Fat,Fruits and Vegetables
FDB09,16.25,Low Fat,Fruits and Vegetables
FDB10,10.0,Low Fat,Snack Foods
FDB11,16.0,Low Fat,Starchy Foods
FDB12,11.15,Regular,Baking Goods
FDB14,20.25,Regular,Canned
FDB15,10.895,Low Fat,Dairy
FDB16,8.21,Low Fat,Dairy
FDB17,13.15,Low Fat,Frozen Foods
FDB20,7.72,Low Fat,Fruits and Vegetables
FDB21,7.475,Low Fat,Fruits and Vegetables
FDB22,8.02,Low Fat,Snack Foods
FDB23,19.2,Regular,Starchy Foods
FDB26,14.0,Regular,Canned
FDB27,7.575,Low Fat,Dairy
FDB28,6.615,Low Fat,Dairy
FDB29,16.7,Regular,Frozen Foods
FDB32,20.6,Low Fat,Fruits and Vegetables
FDB33,17.75,Low Fat,Fruits and Vegetables
FDB34,15.25,Low Fat,Snack Foods
FDB35,12.3,Regular,Starchy Foods
FDB36,5.465,Regular,Baking Goods
FDB37,20.25,Regular,Baking Goods
FDB38,19.5,Regular,Canned
FDB39,11.6,Low Fat,Dairy
FDB40,17.5,Regular,Dairy
FDB41,19.0,Regular,Frozen Foods
FDB44,6.655,Low Fat,Fruits and Vegetables
FDB45,20.85,Low Fat,Fruits and Vegetables
FDB46,10.5,Regular,Snack Foods
FDB47,8.8,Low Fat,Snack Foods
FDB49,8.3,Regular,Baking Goods
FDB50,13.0,Low Fat,Canned
FDB51,6.92,Low Fat,Dairy
FDB52,17.75,Low Fat,Dairy
FDB53,13.35,Low Fat,Frozen Foods
FDB56,8.75,Regular,Fruits and Vegetables
FDB57,20.25,Regular,Fruits and Vegetables
FDB58,10.5,Regular,Snack Foods
FDB59,18.25,Low Fat,Snack Foods
FDB60,9.3,Low Fat,Baking Goods
FDC02,21.35,Low Fat,Canned
FDC03,8.575,Regular,Dairy
FDC04,15.6,Low Fat,Dairy
FDC05,13.1,Regular,Frozen Foods
FDC08,19.0,Regular,Fruits and Vegetables
FDC09,15.5,Regular,Fruits and Vegetables
FDC10,9.8,Regular,Snack Foods
FDC11,20.5,Low Fat,Starchy Foods
FDC14,14.5,Regular,Canned
FDC15,18.1,Low Fat,Dairy
FDC16,11.5,Regular,Dairy
FDC17,12.15,Low Fat,Frozen Foods
FDC20,10.65,Low Fat,Fruits and Vegetables
FDC21,14.6,Regular,Fruits and Vegetables
FDC22,6.89,Regular,Snack Foods
FDC23,18.0,Low Fat,Starchy Foods
FDC26,10.195,Low Fat,Canned
FDC28,7.905,Low Fat,Frozen Foods
FDC29,8.39,Regular,Frozen Foods
FDC32,18.35,Low Fat,Fruits and Vegetables
FDC33,8.96,Regular,Fruits and Vegetables
FDC34,16.0,Regular,Snack Foods
FDC35,7.435,Low Fat,Starchy Foods
FDC37,15.5,Low Fat,Baking Goods
FDC38,15.7,Low Fat,Canned
FDC39,7.405,Low Fat,Dairy
FDC40,16.0,Regular,Dairy
FDC41,15.6,Low Fat,Frozen Foods
FDC44,15.6,Low Fat,Fruits and Vegetables
FDC45,17.0,Low Fat,Fruits and Vegetables
FDC46,17.7,Low Fat,Snack Foods
FDC47,15.0,Low Fat,Snack Foods
FDC48,9.195,Low Fat,Baking Goods
FDC50,15.85,Low Fat,Canned
FDC51,10.895,Regular,Dairy
FDC52,11.15,Regular,Dairy
FDC53,8.68,Low Fat,Frozen Foods
FDC56,7.72,Low Fat,Fruits and Vegetables
FDC57,20.1,Regular,Fruits and Vegetables
FDC58,10.195,Low Fat,Snack Foods
FDC59,16.7,Regular,Starchy Foods
FDC60,5.425,Regular,Baking Goods
FDD02,16.6,Low Fat,Canned
FDD03,13.3,Low Fat,Dairy
FDD04,16.0,Low Fat,Dairy
FDD05,19.35,Low Fat,Frozen Foods
FDD08,8.3,Low Fat,Fruits and Vegetables
FDD09,13.5,Low Fat,Fruits and Vegetables
FDD10,20.6,Regular,Snack Foods
FDD11,12.85,Low Fat,Starchy Foods
FDD14,20.7,Low Fat,Canned
FDD16,20.5,Low Fat,Frozen Foods
FDD17,7.5,Low Fat,Frozen Foods
FDD20,14.15,Low Fat,Fruits and Vegetables
FDD21,10.3,Regular,Fruits and Vegetables
FDD22,10.0,Low Fat,Snack Foods
FDD23,9.5,Regular,Starchy Foods
FDD26,8.71,Regular,Canned
FDD28,10.695,Low Fat,Frozen Foods
FDD29,12.15,Low Fat,Frozen Foods
FDD32,17.7,Regular,Fruits and Vegetables
FDD33,12.85,Low Fat,Fruits and Vegetables
FDD34,7.945,Low Fat,Snack Foods
FDD35,12.15,Low Fat,Starchy Foods
FDD36,13.3,Low Fat,Baking Goods
FDD38,16.75,Regular,Canned
FDD39,16.7,Low Fat,Dairy
FDD40,20.25,Regular,Dairy
FDD41,6.765,Regular,Frozen Foods
FDD44,8.05,Regular,Fruits and Vegetables
FDD45,8.615,Low Fat,Fruits and Vegetables
FDD46,6.035,Low Fat,Snack Foods
FDD47,7.6,Regular,Starchy Foods
FDD48,10.395,Low Fat,Baking Goods
FDD50,18.85,Low Fat,Canned
FDD51,11.15,Low Fat,Dairy
FDD52,18.25,Regular,Dairy
FDD53,16.2,Low Fat,Frozen Foods
FDD56,15.2,Regular,Fruits and Vegetables
FDD57,18.1,Low Fat,Fruits and Vegetables
FDD58,7.76,Low Fat,Snack Foods
FDD59,10.5,Regular,Starchy Foods
FDE02,8.71,Low Fat,Canned
FDE04,19.75,Regular,Frozen Foods
FDE05,10.895,Regular,Frozen Foods
FDE08,18.2,Low Fat,Fruits and Vegetables
FDE09,8.775,Low Fat,Fruits and Vegetables
FDE10,6.67,Regular,Snack Foods
FDE11,17.7,Regular,Starchy Foods
FDE14,13.65,Regular,Canned
FDE16,8.895,Low Fat,Frozen Foods
FDE17,20.1,Regular,Frozen Foods
FDE20,11.35,Regular,Fruits and Vegetables
FDE21,12.8,Low Fat,Fruits and Vegetables
FDE22,9.695,Low Fat,Snack Foods
FDE23,17.6,Regular,Starchy Foods
FDE24,14.85,Low Fat,Baking Goods
FDE26,9.3,Low Fat,Canned
FDE28,9.5,Regular,Frozen Foods
FDE29,8.905,Low Fat,Frozen Foods
FDE32,20.7,Low Fat,Fruits and Vegetables
FDE33,19.35,Regular,Fruits and Vegetables
FDE34,9.195,Low Fat,Snack Foods
FDE35,7.06,Regular,Starchy Foods
FDE36,5.26,Regular,Baking Goods
FDE38,6.52,Low Fat,Canned
FDE39,7.89,Low Fat,Dairy
FDE40,15.6,Regular,Dairy
FDE41,9.195,Regular,Frozen Foods
FDE44,14.65,Low Fat,Fruits and Vegetables
FDE45,12.1,Low Fat,Fruits and Vegetables
FDE46,18.6,Low Fat,Snack Foods
FDE47,14.15,Low Fat,Starchy Foods
FDE50,19.7,Regular,Canned
FDE51,5.925,Regular,Dairy
FDE52,,Regular,Dairy
FDE53,10.895,Low Fat,Frozen Foods
FDE56,17.25,Regular,Fruits and Vegetables
FDE57,9.6,Low Fat,Fruits and Vegetables
FDE58,18.5,Low Fat,Snack Foods
FDE59,12.15,Low Fat,Starchy Foods
FDF02,16.2,Low Fat,Canned
FDF04,17.5,Low Fat,Frozen Foods
FDF05,17.5,Low Fat,Frozen Foods
FDF08,14.3,Regular,Fruits and Vegetables
FDF09,6.215,Low Fat,Fruits and Vegetables
FDF10,15.5,Regular,Snack Foods
FDF11,10.195,Regular,Starchy Foods
FDF12,8.235,Low Fat,Baking Goods
FDF14,7.55,Low Fat,Canned
FDF16,7.3,Low Fat,Frozen Foods
FDF17,5.19,Low Fat,Frozen Foods
FDF20,12.85,Low Fat,Fruits and Vegetables
FDF21,10.3,Regular,Fruits and Vegetables
FDF22,6.865,Low Fat,Snack Foods
FDF24,15.5,Regular,Baking Goods
FDF26,6.825,Regular,Canned
FDF28,15.7,Regular,Frozen Foods
FDF29,15.1,Regular,Frozen Foods
FDF32,16.35,Low Fat,Fruits and Vegetables
FDF33,7.97,Low Fat,Seafood
FDF34,9.3,Regular,Snack Foods
FDF35,15.0,Low Fat,Starchy Foods
FDF38,11.8,Regular,Canned
FDF39,14.85,Regular,Dairy
FDF40,20.25,Regular,Dairy
FDF41,12.15,Low Fat,Frozen Foods
FDF44,7.17,Regular,Fruits and Vegetables
FDF45,18.2,Regular,Fruits and Vegetables
FDF46,7.07,Low Fat,Snack Foods
FDF47,20.85,Low Fat,Starchy Foods
FDF50,4.905,Low Fat,Canned
FDF52,9.3,Low Fat,Frozen Foods
FDF53,20.75,Regular,Frozen Foods
FDF56,16.7,Regular,Fruits and Vegetables
FDF57,14.5,Regular,Fruits and Vegetables
FDF58,13.3,Low Fat,Snack Foods
FDF59,12.5,Low Fat,Starchy Foods
FDG02,7.855,Low Fat,Canned
FDG04,13.1,Low Fat,Frozen Foods
FDG05,11.0,Regular,Frozen Foods
FDG08,13.15,Regular,Fruits and Vegetables
FDG09,20.6,Regular,Fruits and Vegetables
FDG10,6.63,Regular,Snack Foods
FDG12,6.635,Regular,Baking Goods
FDG14,9.0,Regular,Canned
FDG16,15.25,Low Fat,Frozen Foods
FDG17,6.865,Regular,Frozen Foods
FDG20,15.5,Regular,Fruits and Vegetables
FDG21,17.35,Regular,Seafood
FDG22,17.6,Regular,Snack Foods
FDG24,7.975,Low Fat,Baking Goods
FDG26,18.85,Low Fat,Canned
FDG28,9.285,Regular,Frozen Foods
FDG29,17.6,Low Fat,Frozen Foods
FDG31,12.15,Low Fat,Meat
FDG32,19.85,Low Fat,Fruits and Vegetables
FDG33,5.365,Regular,Seafood
FDG34,11.5,Regular,Snack Foods
FDG35,21.2,Regular,Starchy Foods
FDG38,8.975,Regular,Canned
FDG40,13.65,Low Fat,Frozen Foods
FDG41,8.84,Regular,Frozen Foods
FDG44,6.13,Low Fat,Fruits and Vegetables
FDG45,8.1,Low Fat,Fruits and Vegetables
FDG46,8.63,Regular,Snack Foods
FDG47,12.8,Low Fat,Starchy Foods
FDG50,7.405,Low Fat,Canned
FDG52,13.65,Low Fat,Frozen Foods
FDG53,10.0,Low Fat,Frozen Foods
FDG56,13.3,Regular,Fruits and Vegetables
FDG57,14.7,Low Fat,Fruits and Vegetables
FDG58,10.695,Regular,Snack Foods
FDG59,15.85,Low Fat,Starchy Foods
FDG60,20.35,Low Fat,Baking Goods
FDH02,7.27,Regular,Canned
FDH04,6.115,Regular,Frozen Foods
FDH05,14.35,Regular,Frozen Foods
FDH08,7.51,Low Fat,Fruits and Vegetables
FDH09,12.6,Low Fat,Seafood
FDH10,21.0,Low Fat,Snack Foods
FDH12,9.6,Low Fat,Baking Goods
FDH14,17.1,Regular,Canned
FDH16,10.5,Low Fat,Frozen Foods
FDH17,16.2,Regular,Frozen Foods
FDH19,19.35,Low Fat,Meat
FDH20,16.1,Regular,Fruits and Vegetables
FDH21,10.395,Low Fat,Seafood
FDH22,6.405,Low Fat,Snack Foods
FDH24,20.7,Low Fat,Baking Goods
FDH26,19.25,Regular,Canned
FDH27,7.075,Low Fat,Dairy
FDH28,15.85,Regular,Frozen Foods
FDH31,12.0,Regular,Meat
FDH32,12.8,Low Fat,Fruits and Vegetables
FDH33,12.85,Low Fat,Snack Foods
FDH34,8.63,Low Fat,Snack Foods
FDH35,18.25,Low Fat,Starchy Foods
FDH38,6.425,Low Fat,Canned
FDH40,11.6,Regular,Frozen Foods
FDH41,9.0,Low Fat,Frozen Foods
FDH44,19.1,Regular,Fruits and Vegetables
FDH45,15.1,Regular,Fruits and Vegetables
FDH46,6.935,Regular,Snack Foods
FDH47,13.5,Regular,Starchy Foods
FDH48,13.5,Low Fat,Baking Goods
FDH50,15.0,Regular,Canned
FDH52,9.42,Regular,Frozen Foods
FDH53,20.5,Regular,Frozen Foods
FDH56,9.8,Regular,Fruits and Vegetables
FDH57,10.895,Low Fat,Fruits and Vegetables
FDH58,12.3,Low Fat,Snack Foods
FDH60,19.7,Regular,Baking Goods
FDI02,15.7,Regular,Canned
FDI04,13.65,Regular,Frozen Foods
FDI05,8.35,Regular,Frozen Foods
FDI07,12.35,Regular,Meat
FDI08,18.2,Regular,Fruits and Vegetables
FDI09,20.75,Regular,Seafood
FDI10,8.51,Regular,Snack Foods
FDI12,9.395,Regular,Baking Goods
FDI14,14.1,Low Fat,Canned
FDI15,13.8,Low Fat,Dairy
FDI16,14.0,Regular,Frozen Foods
FDI19,15.1,Low Fat,Meat
FDI20,19.1,Low Fat,Fruits and Vegetables
FDI21,5.59,Regular,Snack Foods
FDI22,12.6,Low Fat,Snack Foods
FDI24,10.3,Low Fat,Baking Goods
FDI26,5.94,Low Fat,Canned
FDI27,8.71,Regular,Dairy
FDI28,14.3,Low Fat,Frozen Foods
FDI32,17.7,Low Fat,Fruits and Vegetables
FDI33,16.5,Low Fat,Snack Foods
FDI34,10.65,Regular,Snack Foods
FDI35,14.0,Low Fat,Starchy Foods
FDI36,12.5,Regular,Baking Goods
FDI38,13.35,Regular,Canned
FDI40,11.5,Regular,Frozen Foods
FDI41,18.5,Regular,Frozen Foods
FDI44,16.1,Low Fat,Fruits and Vegetables
FDI45,13.1,Low Fat,Fruits and Vegetables
FDI46,9.5,Low Fat,Snack Foods
FDI48,11.85,Regular,Baking Goods
FDI50,8.42,Regular,Canned
FDI52,18.7,Low Fat,Frozen Foods
FDI53,8.895,Regular,Frozen Foods
FDI56,7.325,Low Fat,Fruits and Vegetables
FDI57,19.85,Low Fat,Seafood
FDI58,7.64,Regular,Snack Foods
FDI60,7.22,Regular,Baking Goods
FDJ02,17.2,Regular,Canned
FDJ03,12.35,Regular,Dairy
FDJ04,18.0,Low Fat,Frozen Foods
FDJ07,7.26,Low Fat,Meat
FDJ08,11.1,Low Fat,Fruits and Vegetables
FDJ09,15.0,Low Fat,Snack Foods
FDJ10,5.095,Regular,Snack Foods
FDJ12,8.895,Regular,Baking Goods
FDJ14,10.3,Regular,Canned
FDJ15,11.35,Regular,Dairy
FDJ16,9.195,Low Fat,Frozen Foods
FDJ20,20.7,Regular,Fruits and Vegetables
FDJ21,16.7,Regular,Snack Foods
FDJ22,18.75,Low Fat,Snack Foods
FDJ26,15.3,Regular,Canned
FDJ27,17.7,Regular,Meat
FDJ28,12.3,Low Fat,Frozen Foods
FDJ32,10.695,Low Fat,Fruits and Vegetables
FDJ33,8.895,Regular,Snack Foods
FDJ34,11.8,Regular,Snack Foods
FDJ36,14.5,Regular,Baking Goods
FDJ38,8.6,Regular,Canned
FDJ40,13.6,Regular,Frozen Foods
FDJ41,6.85,Low Fat,Frozen Foods
FDJ44,12.3,Regular,Fruits and Vegetables
FDJ45,17.75,Low Fat,Seafood
FDJ46,11.1,Low Fat,Snack Foods
FDJ48,11.3,Low Fat,Baking Goods
FDJ50,8.645,Low Fat,Canned
FDJ52,7.145,Low Fat,Frozen Foods
FDJ53,10.5,Low Fat,Frozen Foods
FDJ55,12.8,Regular,Meat
FDJ56,8.985,Low Fat,Fruits and Vegetables
FDJ57,7.42,Regular,Seafood
FDJ58,15.6,Regular,Snack Foods
FDJ60,19.35,Regular,Baking Goods
FDK02,12.5,Low Fat,Canned
FDK03,12.6,Regular,Dairy
FDK04,7.36,Low Fat,Frozen Foods
FDK08,9.195,Regular,Fruits and Vegetables
FDK09,15.2,Low Fat,Snack Foods
FDK10,5.785,Regular,Snack Foods
FDK14,6.98,Low Fat,Canned
FDK15,10.8,Low Fat,Meat
FDK16,9.065,Low Fat,Frozen Foods
FDK20,12.6,Regular,Fruits and Vegetables
FDK21,7.905,Low Fat,Snack Foods
FDK22,9.8,Low Fat,Snack Foods
FDK24,9.195,Low Fat,Baking Goods
FDK25,11.6,Regular,Breakfast
FDK26,5.46,Regular,Canned
FDK27,11.0,Low Fat,Meat
FDK28,5.695,Low Fat,Frozen Foods
FDK32,16.25,Regular,Fruits and Vegetables
FDK33,17.85,Low Fat,Snack Foods
FDK34,13.35,Low Fat,Snack Foods
FDK36,7.09,Low Fat,Baking Goods
FDK38,6.65,Low Fat,Canned
FDK40,7.035,Low Fat,Frozen Foods
FDK41,14.3,Low Fat,Frozen Foods
FDK43,9.8,Low Fat,Meat
FDK44,16.6,Low Fat,Fruits and Vegetables
FDK45,11.65,Low Fat,Seafood
FDK46,9.6,Low Fat,Snack Foods
FDK48,7.445,Low Fat,Baking Goods
FDK50,7.96,Low Fat,Canned
FDK51,19.85,Low Fat,Dairy
FDK52,18.25,Low Fat,Frozen Foods
FDK55,18.5,Low Fat,Meat
FDK56,9.695,Low Fat,Fruits and Vegetables
FDK57,,Low Fat,Snack Foods
FDK58,11.35,Regular,Snack Foods
FDK60,16.5,Regular,Baking Goods
FDL02,20.0,Regular,Canned
FDL03,19.25,Regular,Meat
FDL04,19.0,Low Fat,Frozen Foods
FDL08,10.8,Low Fat,Fruits and Vegetables
FDL09,19.6,Regular,Snack Foods
FDL10,8.395,Low Fat,Snack Foods
FDL12,15.85,Regular,Baking Goods
FDL13,13.85,Regular,Breakfast
FDL14,8.115,Regular,Canned
FDL15,17.85,Low Fat,Meat
FDL16,12.85,Low Fat,Frozen Foods
FDL20,17.1,Low Fat,Fruits and Vegetables
FDL21,15.85,Regular,Snack Foods
FDL22,16.85,Low Fat,Snack Foods
FDL24,10.3,Regular,Baking Goods
FDL25,6.92,Regular,Breakfast
FDL26,18.0,Low Fat,Canned
FDL27,6.17,Low Fat,Meat
FDL28,10.0,Regular,Frozen Foods
FDL32,15.7,Regular,Fruits and Vegetables
FDL33,7.235,Low Fat,Snack Foods
FDL34,16.0,Low Fat,Snack Foods
FDL36,15.1,Low Fat,Baking Goods
FDL38,13.8,Regular,Canned
FDL39,16.1,Regular,Dairy
FDL40,17.7,Low Fat,Frozen Foods
FDL43,10.1,Low Fat,Meat
FDL44,18.25,Low Fat,Fruits and Vegetables
FDL45,15.6,Low Fat,Snack Foods
FDL46,20.35,Low Fat,Snack Foods
FDL48,19.35,Regular,Baking Goods
FDL50,12.15,Regular,Canned
FDL51,20.7,Regular,Dairy
FDL52,6.635,Regular,Frozen Foods
FDL56,14.1,Low Fat,Fruits and Vegetables
FDL57,15.1,Regular,Snack Foods
FDL58,5.78,Regular,Snack Foods
FDM01,7.895,Regular,Breakfast
FDM02,12.5,Regular,Canned
FDM03,12.65,Low Fat,Meat
FDM04,9.195,Regular,Frozen Foods
FDM08,10.1,Regular,Fruits and Vegetables
FDM09,11.15,Regular,Snack Foods
FDM10,18.25,Low Fat,Snack Foods
FDM12,16.7,Regular,Baking Goods
FDM13,6.425,Low Fat,Breakfast
FDM14,13.8,Low Fat,Canned
FDM15,11.8,Regular,Meat
FDM16,8.155,Regular,Frozen Foods
FDM20,10.0,Low Fat,Fruits and Vegetables
FDM21,20.2,Low Fat,Snack Foods
FDM22,14.0,Regular,Snack Foods
FDM24,6.135,Regular,Baking Goods
FDM25,10.695,Regular,Breakfast
FDM27,12.35,Regular,Meat
FDM28,15.7,Low Fat,Frozen Foods
FDM32,20.5,Low Fat,Fruits and Vegetables
FDM33,15.6,Low Fat,Snack Foods
FDM34,19.0,Low Fat,Snack Foods
FDM36,11.65,Regular,Baking Goods
FDM38,5.885,Regular,Canned
FDM39,6.42,Low Fat,Dairy
FDM40,10.195,Low Fat,Frozen Foods
FDM44,12.5,Low Fat,Fruits and Vegetables
FDM45,8.655,Regular,Snack Foods
FDM46,7.365,Low Fat,Snack Foods
FDM50,13.0,Regular,Canned
FDM51,11.8,Regular,Meat
FDM52,15.1,Low Fat,Frozen Foods
FDM56,16.7,Low Fat,Fruits and Vegetables
FDM57,11.65,Regular,Snack Foods
FDM58,16.85,Regular,Snack Foods
FDM60,10.8,Regular,Baking Goods
FDN01,8.895,Low Fat,Breakfast
FDN02,16.5,Low Fat,Canned
FDN03,9.8,Regular,Meat
FDN04,11.8,Regular,Frozen Foods
FDN08,7.72,Regular,Fruits and Vegetables
FDN09,14.15,Low Fat,Snack Foods
FDN10,11.5,Low Fat,Snack Foods
FDN12,15.6,Low Fat,Baking Goods
FDN13,18.6,Low Fat,Breakfast
FDN15,17.5,Low Fat,Meat
FDN16,12.6,Regular,Frozen Foods
FDN20,19.35,Low Fat,Fruits and Vegetables
FDN21,18.6,Low Fat,Snack Foods
FDN22,18.85,Regular,Snack Foods
FDN23,6.575,Regular,Breads
FDN24,14.1,Low Fat,Baking Goods
FDN25,7.895,Regular,Breakfast
FDN27,20.85,Low Fat,Meat
FDN28,5.88,Regular,Frozen Foods
FDN31,11.5,Low Fat,Fruits and Vegetables
FDN32,17.5,Low Fat,Fruits and Vegetables
FDN33,6.305,Regular,Snack Foods
FDN34,15.6,Regular,Snack Foods
FDN38,6.615,Regular,Canned
FDN39,19.35,Regular,Meat
FDN40,5.88,Low Fat,Frozen Foods
FDN44,13.15,Low Fat,Fruits and Vegetables
FDN45,19.35,Low Fat,Snack Foods
FDN46,7.21,Regular,Snack Foods
FDN48,13.35,Low Fat,Baking Goods
FDN49,17.25,Regular,Breakfast
FDN50,16.85,Regular,Canned
FDN51,17.85,Regular,Meat
FDN52,,Regular,Frozen Foods
FDN56,5.46,Regular,Fruits and Vegetables
FDN57,18.25,Low Fat,Snack Foods
FDN58,13.8,Regular,Snack Foods
FDN60,15.1,Low Fat,Baking Goods
FDO01,21.1,Regular,Breakfast
FDO03,10.395,Regular,Meat
FDO04,16.6,Low Fat,Frozen Foods
FDO08,11.1,Regular,Fruits and Vegetables
FDO09,13.5,Regular,Snack Foods
FDO10,13.65,Regular,Snack Foods
FDO11,8.0,Regular,Breads
FDO12,15.75,Low Fat,Baking Goods
FDO13,7.865,Low Fat,Breakfast
FDO15,16.75,Regular,Meat
FDO16,5.48,Low Fat,Frozen Foods
FDO19,17.7,Regular,Fruits and Vegetables
FDO20,12.85,Regular,Fruits and Vegetables
FDO21,11.6,Regular,Snack Foods
FDO22,13.5,Regular,Snack Foods
FDO23,17.85,Low Fat,Breads
FDO24,11.1,Low Fat,Baking Goods
FDO25,6.3,Low Fat,Canned
FDO27,6.175,Regular,Meat
FDO28,5.765,Low Fat,Frozen Foods
FDO31,6.76,Regular,Fruits and Vegetables
FDO32,6.36,Low Fat,Fruits and Vegetables
FDO33,14.75,Low Fat,Snack Foods
FDO34,17.7,Low Fat,Snack Foods
FDO36,19.7,Low Fat,Baking Goods
FDO37,8.06,Low Fat,Breakfast
FDO38,17.25,Low Fat,Canned
FDO39,6.985,Regular,Meat
FDO40,17.1,Low Fat,Frozen Foods
FDO44,12.6,Low Fat,Fruits and Vegetables
FDO45,13.15,Regular,Snack Foods
FDO46,9.6,Regular,Snack Foods
FDO48,15.0,Regular,Baking Goods
FDO49,10.6,Regular,Breakfast
FDO50,16.25,Low Fat,Canned
FDO51,6.785,Regular,Meat
FDO52,11.6,Regular,Frozen Foods
FDO56,10.195,Regular,Fruits and Vegetables
FDO57,20.75,Low Fat,Snack Foods
FDO58,19.6,Low Fat,Snack Foods
FDO60,20.0,Low Fat,Baking Goods
FDP01,20.75,Regular,Breakfast
FDP03,5.15,Regular,Meat
FDP04,15.35,Low Fat,Frozen Foods
FDP07,18.2,Low Fat,Fruits and Vegetables
FDP08,20.5,Regular,Fruits and Vegetables
FDP09,19.75,Low Fat,Snack Foods
FDP10,19.0,Low Fat,Snack Foods
FDP11,15.85,Low Fat,Breads
FDP12,9.8,Regular,Baking Goods
FDP13,8.1,Regular,Canned
FDP15,15.2,Low Fat,Meat
FDP16,18.6,Low Fat,Frozen Foods
FDP19,11.5,Low Fat,Fruits and Vegetables
FDP20,19.85,Low Fat,Fruits and Vegetables
FDP21,7.42,Regular,Snack Foods
FDP22,14.65,Regular,Snack Foods
FDP23,6.71,Low Fat,Breads
FDP24,20.6,Low Fat,Baking Goods
FDP25,15.2,Low Fat,Canned
FDP26,7.785,Low Fat,Dairy
FDP27,8.155,Low Fat,Meat
FDP28,13.65,Regular,Frozen Foods
FDP31,21.1,Regular,Fruits and Vegetables
FDP32,6.65,Low Fat,Fruits and Vegetables
FDP33,18.7,Low Fat,Snack Foods
FDP34,12.85,Low Fat,Snack Foods
FDP36,10.395,Regular,Baking Goods
FDP37,15.6,Low Fat,Breakfast
FDP38,10.1,Low Fat,Canned
FDP39,12.65,Low Fat,Meat
FDP40,4.555,Regular,Frozen Foods
FDP44,16.5,Regular,Fruits and Vegetables
FDP45,15.7,Regular,Snack Foods
FDP46,15.35,Low Fat,Snack Foods
FDP48,7.52,Regular,Baking Goods
FDP49,9.0,Regular,Breakfast
FDP51,13.85,Regular,Meat
FDP52,18.7,Regular,Frozen Foods
FDP56,8.185,Low Fat,Fruits and Vegetables
FDP57,17.5,Low Fat,Snack Foods
FDP58,11.1,Low Fat,Snack Foods
FDP59,20.85,Regular,Breads
FDP60,17.35,Low Fat,Baking Goods
FDQ01,19.7,Regular,Canned
FDQ03,15.0,Regular,Meat
FDQ04,6.4,Low Fat,Frozen Foods
FDQ07,15.1,Regular,Fruits and Vegetables
FDQ08,15.7,Regular,Fruits and Vegetables
FDQ09,7.235,Low Fat,Snack Foods
FDQ10,12.85,Low Fat,Snack Foods
FDQ11,5.695,Regular,Breads
FDQ12,12.65,Low Fat,Baking Goods
FDQ13,11.1,Low Fat,Canned
FDQ14,9.27,Low Fat,Dairy
FDQ15,20.35,Regular,Meat
FDQ16,19.7,Low Fat,Frozen Foods
FDQ19,7.35,Regular,Fruits and Vegetables
FDQ20,8.325,Low Fat,Fruits and Vegetables
FDQ21,21.25,Low Fat,Snack Foods
FDQ22,16.75,Low Fat,Snack Foods
FDQ23,6.55,Low Fat,Breads
FDQ24,15.7,Low Fat,Baking Goods
FDQ25,8.63,Regular,Canned
FDQ26,13.5,Regular,Dairy
FDQ27,5.19,Regular,Meat
FDQ28,14.0,Regular,Frozen Foods
FDQ31,5.785,Regular,Fruits and Vegetables
FDQ32,17.85,Regular,Fruits and Vegetables
FDQ33,13.35,Low Fat,Snack Foods
FDQ34,10.85,Low Fat,Snack Foods
FDQ36,7.855,Regular,Baking Goods
FDQ37,20.75,Low Fat,Breakfast
FDQ39,14.8,Low Fat,Meat
FDQ40,11.1,Regular,Frozen Foods
FDQ44,20.5,Low Fat,Fruits and Vegetables
FDQ45,9.5,Regular,Snack Foods
FDQ46,7.51,Low Fat,Snack Foods
FDQ47,7.155,Regular,Breads
FDQ48,14.3,Regular,Baking Goods
FDQ49,20.2,Regular,Breakfast
FDQ51,16.0,Regular,Meat
FDQ52,17.0,Low Fat,Frozen Foods
FDQ55,13.65,Regular,Fruits and Vegetables
FDQ56,6.59,Low Fat,Fruits and Vegetables
FDQ57,7.275,Low Fat,Snack Foods
FDQ58,7.315,Low Fat,Snack Foods
FDQ59,9.8,Regular,Breads
FDQ60,,Regular,Baking Goods
FDR01,5.405,Regular,Canned
FDR02,16.7,Low Fat,Dairy
FDR03,15.7,Regular,Meat
FDR04,7.075,Low Fat,Frozen Foods
FDR07,21.35,Low Fat,Fruits and Vegetables
FDR08,18.7,Low Fat,Fruits and Vegetables
FDR09,18.25,Low Fat,Snack Foods
FDR10,17.6,Low Fat,Snack Foods
FDR11,10.5,Regular,Breads
FDR12,12.6,Regular,Baking Goods
FDR13,9.895,Regular,Canned
FDR14,11.65,Low Fat,Dairy
FDR15,9.3,Regular,Meat
FDR16,5.845,Regular,Frozen Foods
FDR19,13.5,Regular,Fruits and Vegetables
FDR20,20.0,Regular,Fruits and Vegetables
FDR21,19.7,Low Fat,Snack Foods
FDR22,19.35,Regular,Snack Foods
FDR23,15.85,Low Fat,Breads
FDR24,17.35,Regular,Baking Goods
FDR25,17.0,Regular,Canned
FDR26,20.7,Low Fat,Dairy
FDR27,15.1,Regular,Meat
FDR28,13.85,Regular,Frozen Foods
FDR31,6.46,Regular,Fruits and Vegetables
FDR32,6.78,Regular,Fruits and Vegetables
FDR33,7.31,Low Fat,Snack Foods
FDR34,17.0,Regular,Snack Foods
FDR35,12.5,Low Fat,Breads
FDR36,6.715,Regular,Baking Goods
FDR37,16.5,Regular,Breakfast
FDR39,20.35,Low Fat,Meat
FDR40,9.1,Regular,Frozen Foods
FDR43,18.2,Low Fat,Fruits and Vegetables
FDR44,6.11,Regular,Fruits and Vegetables
FDR45,10.8,Low Fat,Snack Foods
FDR46,16.85,Low Fat,Snack Foods
FDR47,17.85,Low Fat,Breads
FDR48,11.65,Low Fat,Baking Goods
FDR49,8.71,Low Fat,Canned
FDR51,9.035,Regular,Meat
FDR52,12.65,Regular,Frozen Foods
FDR55,12.15,Regular,Fruits and Vegetables
FDR56,15.5,Regular,Fruits and Vegetables
FDR57,5.675,Regular,Snack Foods
FDR58,6.675,Low Fat,Snack Foods
FDR59,14.5,Regular,Breads
FDR60,14.3,Low Fat,Baking Goods
FDS01,11.6,Low Fat,Canned
FDS02,10.195,Regular,Dairy
FDS03,7.825,Low Fat,Meat
FDS04,10.195,Regular,Frozen Foods
FDS07,12.35,Low Fat,Fruits and Vegetables
FDS08,5.735,Low Fat,Fruits and Vegetables
FDS09,8.895,Regular,Snack Foods
FDS10,19.2,Low Fat,Snack Foods
FDS11,7.05,Regular,Breads
FDS12,9.1,Low Fat,Baking Goods
FDS13,6.465,Low Fat,Canned
FDS14,7.285,Low Fat,Dairy
FDS15,9.195,Regular,Meat
FDS16,15.15,Regular,Frozen Foods
FDS19,13.8,Regular,Fruits and Vegetables
FDS20,8.85,Low Fat,Fruits and Vegetables
FDS21,19.85,Regular,Snack Foods
FDS22,16.85,Regular,Snack Foods
FDS23,4.635,Low Fat,Breads
FDS24,20.85,Regular,Baking Goods
FDS25,6.885,Regular,Canned
FDS26,20.35,Low Fat,Dairy
FDS27,10.195,Regular,Meat
FDS28,8.18,Regular,Frozen Foods
FDS31,13.1,Regular,Fruits and Vegetables
FDS32,17.75,Regular,Fruits and Vegetables
FDS33,6.67,Regular,Snack Foods
FDS34,19.35,Regular,Snack Foods
FDS35,9.3,Low Fat,Breads
FDS36,8.38,Regular,Baking Goods
FDS37,7.655,Low Fat,Canned
FDS39,6.895,Low Fat,Meat
FDS40,15.35,Low Fat,Frozen Foods
FDS43,11.65,Low Fat,Fruits and Vegetables
FDS44,12.65,Regular,Fruits and Vegetables
FDS45,5.175,Regular,Snack Foods
FDS46,17.6,Regular,Snack Foods
FDS47,16.75,Low Fat,Breads
FDS48,15.15,Low Fat,Baking Goods
FDS49,9.0,Low Fat,Canned
FDS50,17.0,Low Fat,Dairy
FDS51,13.35,Low Fat,Meat
FDS52,8.89,Low Fat,Frozen Foods
FDS55,7.02,Low Fat,Fruits and Vegetables
FDS56,5.785,Regular,Fruits and Vegetables
FDS57,15.5,Low Fat,Snack Foods
FDS58,9.285,Regular,Snack Foods
FDS59,14.8,Regular,Breads
FDS60,20.85,Low Fat,Baking Goods
FDT01,13.65,Regular,Canned
FDT02,12.6,Low Fat,Dairy
FDT03,21.25,Low Fat,Meat
FDT04,17.25,Low Fat,Frozen Foods
FDT07,5.82,Regular,Fruits and Vegetables
FDT08,13.65,Low Fat,Fruits and Vegetables
FDT09,15.15,Regular,Snack Foods
FDT10,16.7,Regular,Snack Foods
FDT11,5.94,Regular,Breads
FDT12,6.215,Regular,Baking Goods
FDT13,14.85,Low Fat,Canned
FDT14,10.695,Regular,Dairy
FDT15,12.15,Regular,Meat
FDT16,9.895,Regular,Frozen Foods
FDT19,7.59,Regular,Fruits and Vegetables
FDT20,10.5,Low Fat,Fruits and Vegetables
FDT21,7.42,Low Fat,Snack Foods
FDT22,10.395,Low Fat,Snack Foods
FDT23,7.72,Regular,Breads
FDT24,12.35,Regular,Baking Goods
FDT25,7.5,Low Fat,Canned
FDT26,18.85,Regular,Dairy
FDT27,11.395,Regular,Meat
FDT28,13.3,Low Fat,Frozen Foods
FDT31,19.75,Low Fat,Fruits and Vegetables
FDT32,19.0,Regular,Fruits and Vegetables
FDT33,7.81,Regular,Snack Foods
FDT34,9.3,Low Fat,Snack Foods
FDT35,19.85,Regular,Breads
FDT36,12.3,Low Fat,Baking Goods
FDT37,14.15,Low Fat,Canned
FDT38,18.7,Low Fat,Dairy
FDT39,6.26,Regular,Meat
FDT40,5.985,Low Fat,Frozen Foods
FDT43,16.35,Low Fat,Fruits and Vegetables
FDT44,16.6,Low Fat,Fruits and Vegetables
FDT45,15.85,Low Fat,Snack Foods
FDT46,11.35,Low Fat,Snack Foods
FDT47,5.26,Regular,Breads
FDT48,4.92,Low Fat,Baking Goods
FDT49,7.0,Low Fat,Canned
FDT50,6.75,Regular,Dairy
FDT51,11.65,Regular,Meat
FDT52,9.695,Regular,Frozen Foods
FDT55,13.6,Regular,Fruits and Vegetables
FDT56,16.0,Regular,Fruits and Vegetables
FDT57,15.2,Low Fat,Snack Foods
FDT58,9.0,Low Fat,Snack Foods
FDT59,13.65,Low Fat,Breads
FDT60,12.0,Low Fat,Baking Goods
FDU01,20.25,Regular,Canned
FDU02,13.35,Low Fat,Dairy
FDU03,18.7,Regular,Meat
FDU04,7.93,Low Fat,Frozen Foods
FDU07,11.1,Low Fat,Fruits and Vegetables
FDU08,10.3,Low Fat,Fruits and Vegetables
FDU09,7.71,Regular,Snack Foods
FDU10,10.1,Regular,Snack Foods
FDU11,4.785,Low Fat,Breads
FDU12,15.5,Regular,Baking Goods
FDU13,8.355,Low Fat,Canned
FDU14,17.75,Low Fat,Dairy
FDU15,13.65,Regular,Meat
FDU16,19.25,Regular,Frozen Foods
FDU19,8.77,Regular,Fruits and Vegetables
FDU20,19.35,Regular,Fruits and Vegetables
FDU21,11.8,Regular,Snack Foods
FDU22,12.35,Low Fat,Snack Foods
FDU23,12.15,Low Fat,Breads
FDU24,6.78,Regular,Baking Goods
FDU25,12.35,Low Fat,Canned
FDU26,16.7,Regular,Dairy
FDU27,18.6,Regular,Meat
FDU28,19.2,Regular,Frozen Foods
FDU31,10.5,Regular,Fruits and Vegetables
FDU32,8.785,Low Fat,Fruits and Vegetables
FDU33,7.63,Regular,Snack Foods
FDU34,18.25,Low Fat,Snack Foods
FDU35,6.44,Low Fat,Breads
FDU36,6.15,Low Fat,Baking Goods
FDU37,9.5,Regular,Canned
FDU38,10.8,Low Fat,Dairy
FDU39,18.85,Low Fat,Meat
FDU40,20.85,Low Fat,Frozen Foods
FDU43,19.35,Regular,Fruits and Vegetables
FDU44,12.15,Regular,Fruits and Vegetables
FDU45,15.6,Regular,Snack Foods
FDU46,10.3,Regular,Snack Foods
FDU47,12.8,Regular,Breads
FDU48,18.85,Low Fat,Baking Goods
FDU49,19.5,Regular,Canned
FDU50,5.75,Regular,Dairy
FDU51,20.2,Regular,Meat
FDU52,7.56,Low Fat,Frozen Foods
FDU55,16.2,Low Fat,Fruits and Vegetables
FDU56,16.85,Low Fat,Fruits and Vegetables
FDU57,8.27,Regular,Snack Foods
FDU58,6.61,Regular,Snack Foods
FDU59,5.78,Low Fat,Breads
FDU60,20.0,Regular,Baking Goods
FDV01,19.2,Regular,Canned
FDV02,16.75,Low Fat,Dairy
FDV03,17.6,Low Fat,Meat
FDV04,7.825,Regular,Frozen Foods
FDV07,9.5,Low Fat,Fruits and Vegetables
FDV08,7.35,Low Fat,Fruits and Vegetables
FDV09,12.1,Low Fat,Snack Foods
FDV10,7.645,Regular,Snack Foods
FDV11,9.1,Regular,Breads
FDV12,16.7,Regular,Baking Goods
FDV13,17.35,Regular,Canned
FDV14,19.85,Low Fat,Dairy
FDV15,10.3,Low Fat,Meat
FDV16,7.75,Regular,Frozen Foods
FDV19,14.85,Regular,Fruits and Vegetables
FDV20,20.2,Regular,Fruits and Vegetables
FDV21,11.5,Low Fat,Snack Foods
FDV22,14.85,Regular,Snack Foods
FDV23,11.0,Low Fat,Breads
FDV24,5.635,Low Fat,Baking Goods
FDV25,5.905,Low Fat,Canned
FDV26,20.25,Regular,Dairy
FDV27,7.97,Regular,Meat
FDV28,16.1,Regular,Frozen Foods
FDV31,9.8,Low Fat,Fruits and Vegetables
FDV32,7.785,Low Fat,Fruits and Vegetables
FDV33,9.6,Regular,Snack Foods
FDV34,10.695,Regular,Snack Foods
FDV35,19.5,Low Fat,Breads
FDV36,18.7,Low Fat,Baking Goods
FDV37,13.0,Regular,Canned
FDV38,19.25,Low Fat,Dairy
FDV39,11.3,Low Fat,Meat
FDV40,17.35,Low Fat,Frozen Foods
FDV43,16.0,Low Fat,Fruits and Vegetables
FDV44,8.365,Regular,Fruits and Vegetables
FDV45,16.75,Low Fat,Snack Foods
FDV46,18.2,Low Fat,Snack Foods
FDV47,17.1,Low Fat,Breads
FDV48,9.195,Regular,Baking Goods
FDV49,10.0,Low Fat,Canned
FDV50,14.3,Low Fat,Dairy
FDV51,16.35,Low Fat,Meat
FDV52,20.7,Regular,Frozen Foods
FDV55,17.75,Low Fat,Fruits and Vegetables
FDV56,16.1,Regular,Fruits and Vegetables
FDV57,15.25,Regular,Snack Foods
FDV58,20.85,Low Fat,Snack Foods
FDV59,13.35,Low Fat,Breads
FDV60,20.2,Regular,Baking Goods
FDW01,14.5,Low Fat,Canned
FDW02,4.805,Regular,Dairy
FDW03,5.63,Regular,Meat
FDW04,8.985,Regular,Frozen Foods
FDW07,18.0,Regular,Fruits and Vegetables
FDW08,12.1,Low Fat,Fruits and Vegetables
FDW09,13.65,Regular,Snack Foods
FDW10,21.2,Low Fat,Snack Foods
FDW11,12.6,Low Fat,Breads
FDW12,8.315,Regular,Baking Goods
FDW13,8.5,Low Fat,Canned
FDW14,8.3,Regular,Dairy
FDW15,15.35,Regular,Meat
FDW16,17.35,Regular,Frozen Foods
FDW19,12.35,Regular,Fruits and Vegetables
FDW20,20.75,Low Fat,Fruits and Vegetables
FDW21,5.34,Regular,Snack Foods
FDW22,9.695,Regular,Snack Foods
FDW23,5.765,Low Fat,Baking Goods
FDW24,6.8,Low Fat,Baking Goods
FDW25,5.175,Low Fat,Canned
FDW26,11.8,Regular,Dairy
FDW27,5.86,Regular,Meat
FDW28,18.25,Low Fat,Frozen Foods
FDW31,11.35,Regular,Fruits and Vegetables
FDW32,18.35,Regular,Fruits and Vegetables
FDW33,9.395,Low Fat,Snack Foods
FDW34,9.6,Low Fat,Snack Foods
FDW35,10.6,Low Fat,Breads
FDW36,11.15,Low Fat,Baking Goods
FDW37,19.2,Low Fat,Canned
FDW38,5.325,Regular,Dairy
FDW39,6.69,Regular,Meat
FDW40,14.0,Regular,Frozen Foods
FDW43,20.1,Regular,Fruits and Vegetables
FDW44,9.5,Regular,Fruits and Vegetables
FDW45,18.0,Low Fat,Snack Foods
FDW46,13.0,Regular,Snack Foods
FDW47,15.0,Low Fat,Breads
FDW48,18.0,Low Fat,Baking Goods
FDW49,19.5,Low Fat,Canned
FDW50,13.1,Low Fat,Dairy
FDW51,6.155,Regular,Meat
FDW52,14.0,Regular,Frozen Foods
FDW55,12.6,Regular,Fruits and Vegetables
FDW56,7.68,Low Fat,Fruits and Vegetables
FDW57,8.31,Regular,Snack Foods
FDW58,20.75,Low Fat,Snack Foods
FDW59,13.15,Low Fat,Breads
FDW60,5.44,Regular,Baking Goods
FDX01,10.1,Low Fat,Canned
FDX02,16.0,Low Fat,Dairy
FDX03,15.85,Regular,Meat
FDX04,19.6,Regular,Frozen Foods
FDX07,19.2,Regular,Fruits and Vegetables
FDX08,12.85,Low Fat,Fruits and Vegetables
FDX09,9.0,Low Fat,Snack Foods
FDX10,6.385,Regular,Snack Foods
FDX11,16.0,Regular,Baking Goods
FDX12,18.2,Regular,Baking Goods
FDX13,7.725,Low Fat,Canned
FDX14,13.1,Low Fat,Dairy
FDX15,17.2,Low Fat,Meat
FDX16,17.85,Low Fat,Frozen Foods
FDX19,19.1,Low Fat,Fruits and Vegetables
FDX20,7.365,Low Fat,Fruits and Vegetables
FDX21,7.05,Low Fat,Snack Foods
FDX22,6.785,Regular,Snack Foods
FDX23,6.445,Low Fat,Baking Goods
FDX24,8.355,Low Fat,Baking Goods
FDX25,16.7,Low Fat,Canned
FDX26,17.7,Low Fat,Dairy
FDX27,20.7,Regular,Dairy
FDX28,6.325,Low Fat,Frozen Foods
FDX31,20.35,Regular,Fruits and Vegetables
FDX32,15.1,Regular,Fruits and Vegetables
FDX33,9.195,Regular,Snack Foods
FDX34,6.195,Low Fat,Snack Foods
FDX35,5.035,Regular,Breads
FDX36,9.695,Regular,Baking Goods
FDX37,16.2,Low Fat,Canned
FDX38,10.5,Regular,Dairy
FDX39,14.3,Regular,Meat
FDX40,12.85,Low Fat,Frozen Foods
FDX43,5.655,Low Fat,Fruits and Vegetables
FDX44,9.3,Low Fat,Fruits and Vegetables
FDX45,16.75,Low Fat,Snack Foods
FDX46,12.3,Regular,Snack Foods
FDX47,6.55,Regular,Breads
FDX48,17.75,Regular,Baking Goods
FDX49,4.615,Regular,Canned
FDX50,20.1,Low Fat,Dairy
FDX51,9.5,Regular,Meat
FDX52,11.5,Regular,Frozen Foods
FDX55,15.1,Low Fat,Fruits and Vegetables
FDX56,17.1,Regular,Fruits and Vegetables
FDX57,17.25,Regular,Snack Foods
FDX58,13.15,Low Fat,Snack Foods
FDX59,10.195,Low Fat,Breads
FDX60,14.35,Low Fat,Baking Goods
FDY01,11.8,Regular,Canned
FDY02,8.945,Regular,Dairy
FDY03,17.6,Regular,Meat
FDY04,17.7,Regular,Frozen Foods
FDY07,11.8,Low Fat,Fruits and Vegetables
FDY08,9.395,Regular,Fruits and Vegetables
FDY09,15.6,Low Fat,Snack Foods
FDY10,17.6,Low Fat,Snack Foods
FDY11,6.71,Regular,Baking Goods
FDY12,9.8,Regular,Baking Goods
FDY13,12.1,Low Fat,Canned
FDY14,10.3,Low Fat,Dairy
FDY15,18.25,Regular,Dairy
FDY16,18.35,Regular,Frozen Foods
FDY19,19.75,Low Fat,Fruits and Vegetables
FDY20,12.5,Regular,Fruits and Vegetables
FDY21,15.1,Low Fat,Snack Foods
FDY22,16.5,Regular,Snack Foods
FDY24,4.88,Regular,Baking Goods
FDY25,12.0,Low Fat,Canned
FDY26,20.6,Regular,Dairy
FDY27,6.38,Low Fat,Dairy
FDY28,7.47,Regular,Frozen Foods
FDY31,5.98,Low Fat,Fruits and Vegetables
FDY32,7.605,Low Fat,Fruits and Vegetables
FDY33,14.5,Regular,Snack Foods
FDY34,10.5,Regular,Snack Foods
FDY35,17.6,Regular,Breads
FDY36,12.3,Low Fat,Baking Goods
FDY37,17.0,Regular,Canned
FDY38,13.6,Regular,Dairy
FDY39,5.305,Regular,Meat
FDY40,15.5,Regular,Frozen Foods
FDY43,14.85,Low Fat,Fruits and Vegetables
FDY44,14.15,Regular,Fruits and Vegetables
FDY45,17.5,Low Fat,Snack Foods
FDY46,18.6,Low Fat,Snack Foods
FDY47,8.6,Regular,Breads
FDY48,14.0,Low Fat,Baking Goods
FDY49,17.2,Regular,Canned
FDY50,5.8,Low Fat,Dairy
FDY51,12.5,Low Fat,Meat
FDY52,6.365,Low Fat,Frozen Foods
FDY55,16.75,Low Fat,Fruits and Vegetables
FDY56,16.35,Regular,Fruits and Vegetables
FDY57,20.2,Regular,Snack Foods
FDY58,11.65,Low Fat,Snack Foods
FDY59,8.195,Low Fat,Baking Goods
FDY60,10.5,Regular,Baking Goods
FDZ01,8.975,Regular,Canned
FDZ02,6.905,Regular,Dairy
FDZ03,13.65,Regular,Dairy
FDZ04,9.31,Low Fat,Frozen Foods
FDZ07,15.1,Regular,Fruits and Vegetables
FDZ08,12.5,Regular,Fruits and Vegetables
FDZ09,17.6,Low Fat,Snack Foods
FDZ10,17.85,Low Fat,Snack Foods
FDZ12,9.17,Low Fat,Baking Goods
FDZ13,7.84,Regular,Canned
FDZ14,7.71,Regular,Dairy
FDZ15,13.1,Low Fat,Dairy
FDZ16,16.85,Regular,Frozen Foods
FDZ19,6.425,Low Fat,Fruits and Vegetables
FDZ20,16.1,Low Fat,Fruits and Vegetables
FDZ21,17.6,Regular,Snack Foods
FDZ22,9.395,Low Fat,Snack Foods
FDZ23,17.75,Regular,Baking Goods
FDZ25,15.7,Regular,Canned
FDZ26,11.6,Regular,Dairy
FDZ27,7.935,Low Fat,Dairy
FDZ28,20.0,Regular,Frozen Foods
FDZ31,15.35,Regular,Fruits and Vegetables
FDZ32,7.785,Regular,Fruits and Vegetables
FDZ33,10.195,Low Fat,Snack Foods
FDZ34,6.695,Low Fat,Starchy Foods
FDZ35,9.6,Regular,Breads
FDZ36,6.035,Regular,Baking Goods
FDZ37,8.1,Regular,Canned
FDZ38,17.6,Low Fat,Dairy
FDZ39,19.7,Regular,Meat
FDZ40,8.935,Low Fat,Frozen Foods
FDZ43,11.0,Regular,Fruits and Vegetables
FDZ44,8.185,Low Fat,Fruits and Vegetables
FDZ45,14.1,Low Fat,Snack Foods
FDZ46,7.485,Low Fat,Snack Foods
FDZ47,20.7,Regular,Baking Goods
FDZ48,17.75,Low Fat,Baking Goods
FDZ49,11.0,Regular,Canned
FDZ50,12.8,Regular,Dairy
FDZ51,11.3,Regular,Meat
FDZ52,19.2,Low Fat,Frozen Foods
FDZ55,6.055,Low Fat,Fruits and Vegetables
FDZ56,16.25,Low Fat,Fruits and Vegetables
FDZ57,10.0,Regular,Snack Foods
FDZ58,17.85,Low Fat,Snack Foods
FDZ59,6.63,Regular,Baking Goods
FDZ60,20.5,Low Fat,Baking Goods
NCA05,20.75,Low Fat,Health and Hygiene
NCA06,20.5,Low Fat,Household
NCA17,20.6,Low Fat,Health and Hygiene
NCA18,10.1,Low Fat,Household
NCA29,10.5,Low Fat,Household
NCA30,19.0,Low Fat,Household
NCA41,16.75,Low Fat,Health and Hygiene
NCA42,6.965,Low Fat,Household
NCA53,11.395,Low Fat,Health and Hygiene
NCA54,16.5,Low Fat,Household
NCB06,17.6,Low Fat,Health and Hygiene
NCB07,19.2,Low Fat,Household
NCB18,19.6,Low Fat,Household
NCB19,6.525,Low Fat,Household
NCB30,14.6,Low Fat,Household
NCB31,6.235,Low Fat,Household
NCB42,11.8,Low Fat,Health and Hygiene
NCB43,20.2,Low Fat,Household
NCB54,8.76,Low Fat,Health and Hygiene
NCB55,15.7,Low Fat,Household
NCC06,19.0,Low Fat,Household
NCC07,19.6,Low Fat,Household
NCC18,19.1,Low Fat,Household
NCC19,6.57,Low Fat,Household
NCC30,16.6,Low Fat,Household
NCC31,8.02,Low Fat,Household
NCC42,15.0,Low Fat,Health and Hygiene
NCC43,7.39,Low Fat,Household
NCC54,17.75,Low Fat,Health and Hygiene
NCC55,10.695,Low Fat,Household
NCD06,13.0,Low Fat,Household
NCD07,9.1,Low Fat,Household
NCD18,16.0,Low Fat,Household
NCD19,8.93,Low Fat,Household
NCD30,19.7,Low Fat,Household
NCD31,12.1,Low Fat,Household
NCD42,16.5,Low Fat,Health and Hygiene
NCD43,8.85,Low Fat,Household
NCD54,21.1,Low Fat,Household
NCD55,14.0,Low Fat,Household
NCE06,5.825,Low Fat,Household
NCE07,8.18,Low Fat,Household
NCE18,10.0,Low Fat,Household
NCE19,8.97,Low Fat,Household
NCE30,16.0,Low Fat,Household
NCE31,7.67,Low Fat,Household
NCE42,21.1,Low Fat,Household
NCE43,12.5,Low Fat,Household
NCE54,20.7,Low Fat,Household
NCE55,8.92,Low Fat,Household
NCF06,6.235,Low Fat,Household
NCF07,9.0,Low Fat,Household
NCF18,18.35,Low Fat,Household
NCF19,13.0,Low Fat,Household
NCF30,17.0,Low Fat,Household
NCF31,9.13,Low Fat,Household
NCF42,17.35,Low Fat,Household
NCF43,8.51,Low Fat,Household
NCF54,18.0,Low Fat,Household
NCF55,6.675,Low Fat,Household
NCG06,16.35,Low Fat,Household
NCG07,12.3,Low Fat,Household
NCG18,15.3,Low Fat,Household
NCG19,20.25,Low Fat,Household
NCG30,20.2,Low Fat,Household
NCG42,19.2,Low Fat,Household
NCG43,20.2,Low Fat,Household
NCG54,12.1,Low Fat,Household
NCG55,16.25,Low Fat,Household
NCH06,12.3,Low Fat,Household
NCH07,13.15,Low Fat,Household
NCH18,9.3,Low Fat,Household
NCH29,5.51,Low Fat,Health and Hygiene
NCH30,17.1,Low Fat,Household
NCH42,6.86,Low Fat,Household
NCH43,8.42,Low Fat,Household
NCH54,13.5,Low Fat,Household
NCH55,16.35,Low Fat,Household
NCI06,11.3,Low Fat,Household
NCI17,8.645,Low Fat,Health and Hygiene
NCI18,18.35,Low Fat,Household
NCI29,8.6,Low Fat,Health and Hygiene
NCI30,20.25,Low Fat,Household
NCI31,20.0,Low Fat,Others
NCI42,18.75,Low Fat,Household
NCI43,19.85,Low Fat,Household
NCI54,15.2,Low Fat,Household
NCI55,18.6,Low Fat,Household
NCJ05,18.7,Low Fat,Health and Hygiene
NCJ06,20.1,Low Fat,Household
NCJ17,7.68,Low Fat,Health and Hygiene
NCJ18,12.35,Low Fat,Household
NCJ19,18.6,Low Fat,Others
NCJ29,10.6,Low Fat,Health and Hygiene
NCJ30,5.82,Low Fat,Household
NCJ31,19.2,Low Fat,Others
NCJ42,19.75,Low Fat,Household
NCJ43,6.635,Low Fat,Household
NCJ54,9.895,Low Fat,Household
NCK05,20.1,Low Fat,Health and Hygiene
NCK06,5.03,Low Fat,Household
NCK07,10.65,Low Fat,Others
NCK17,11.0,Low Fat,Health and Hygiene
NCK18,9.6,Low Fat,Household
NCK19,9.8,Low Fat,Others
NCK29,5.615,Low Fat,Health and Hygiene
NCK30,14.85,Low Fat,Household
NCK31,10.895,Low Fat,Others
NCK42,7.475,Low Fat,Household
NCK53,11.6,Low Fat,Health and Hygiene
NCK54,12.15,Low Fat,Household
NCL05,19.6,Low Fat,Health and Hygiene
NCL06,14.65,Low Fat,Household
NCL07,13.85,Low Fat,Others
NCL17,7.39,Low Fat,Health and Hygiene
NCL18,18.85,Low Fat,Household
NCL19,15.35,Low Fat,Others
NCL29,9.695,Low Fat,Health and Hygiene
NCL30,18.1,Low Fat,Household
NCL31,7.39,Low Fat,Others
NCL41,12.35,Low Fat,Health and Hygiene
NCL42,18.85,Low Fat,Household
NCL53,7.5,Low Fat,Health and Hygiene
NCL54,12.6,Low Fat,Household
NCL55,12.15,Low Fat,Others
NCM05,6.825,Low Fat,Health and Hygiene
NCM06,7.475,Low Fat,Household
NCM07,9.395,Low Fat,Others
NCM17,7.93,Low Fat,Health and Hygiene
NCM18,13.0,Low Fat,Household
NCM19,12.65,Low Fat,Others
NCM26,20.5,Low Fat,Others
NCM29,11.5,Low Fat,Health and Hygiene
NCM30,19.1,Low Fat,Household
NCM31,6.095,Low Fat,Others
NCM41,16.5,Low Fat,Health and Hygiene
NCM42,6.13,Low Fat,Household
NCM43,14.5,Low Fat,Others
NCM53,18.75,Low Fat,Health and Hygiene
NCM54,17.7,Low Fat,Household
NCM55,15.6,Low Fat,Others
NCN05,8.235,Low Fat,Health and Hygiene
NCN06,8.39,Low Fat,Household
NCN07,18.5,Low Fat,Others
NCN14,19.1,Low Fat,Others
NCN17,11.0,Low Fat,Health and Hygiene
NCN18,8.895,Low Fat,Household
NCN19,13.1,Low Fat,Others
NCN26,10.85,Low Fat,Household
NCN29,15.2,Low Fat,Health and Hygiene
NCN30,16.35,Low Fat,Household
NCN41,17.0,Low Fat,Health and Hygiene
NCN42,20.25,Low Fat,Household
NCN43,12.15,Low Fat,Others
NCN53,5.175,Low Fat,Health and Hygiene
NCN54,20.35,Low Fat,Household
NCN55,14.6,Low Fat,Others
NCO02,11.15,Low Fat,Others
NCO05,7.27,Low Fat,Health and Hygiene
NCO06,19.25,Low Fat,Household
NCO07,9.06,Low Fat,Others
NCO14,9.6,Low Fat,Household
NCO17,10.0,Low Fat,Health and Hygiene
NCO18,13.15,Low Fat,Household
NCO26,7.235,Low Fat,Household
NCO29,11.15,Low Fat,Health and Hygiene
NCO30,19.5,Low Fat,Household
NCO41,12.5,Low Fat,Health and Hygiene
NCO42,21.25,Low Fat,Household
NCO43,5.5,Low Fat,Others
NCO53,16.2,Low Fat,Health and Hygiene
NCO54,19.5,Low Fat,Household
NCO55,12.8,Low Fat,Others
NCP02,7.105,Low Fat,Household
NCP05,19.6,Low Fat,Health and Hygiene
NCP06,20.7,Low Fat,Household
NCP14,8.275,Low Fat,Household
NCP17,19.35,Low Fat,Health and Hygiene
NCP18,12.15,Low Fat,Household
NCP29,8.42,Low Fat,Health and Hygiene
NCP30,20.5,Low Fat,Household
NCP41,16.6,Low Fat,Health and Hygiene
NCP42,8.51,Low Fat,Household
NCP43,17.75,Low Fat,Others
NCP50,17.35,Low Fat,Others
NCP53,14.75,Low Fat,Health and Hygiene
NCP54,15.35,Low Fat,Household
NCP55,14.65,Low Fat,Others
NCQ02,12.6,Low Fat,Household
NCQ05,11.395,Low Fat,Health and Hygiene
NCQ06,13.0,Low Fat,Household
NCQ17,10.3,Low Fat,Health and Hygiene
NCQ18,15.75,Low Fat,Household
NCQ29,12.0,Low Fat,Health and Hygiene
NCQ30,7.725,Low Fat,Household
NCQ38,16.35,Low Fat,Others
NCQ41,14.8,Low Fat,Health and Hygiene
NCQ42,20.35,Low Fat,Household
NCQ43,17.75,Low Fat,Others
NCQ50,18.75,Low Fat,Household
NCQ53,17.6,Low Fat,Health and Hygiene
NCQ54,17.7,Low Fat,Household
NCR05,10.1,Low Fat,Health and Hygiene
NCR06,12.5,Low Fat,Household
NCR17,9.8,Low Fat,Health and Hygiene
NCR18,15.85,Low Fat,Household
NCR29,7.565,Low Fat,Health and Hygiene
NCR30,20.6,Low Fat,Household
NCR38,17.25,Low Fat,Household
NCR41,17.85,Low Fat,Health and Hygiene
NCR42,9.105,Low Fat,Household
NCR50,20.2,Low Fat,Household
NCR53,12.15,Low Fat,Health and Hygiene
NCR54,16.35,Low Fat,Household
NCS05,11.5,Low Fat,Health and Hygiene
NCS06,7.935,Low Fat,Household
NCS17,18.6,Low Fat,Health and Hygiene
NCS18,12.65,Low Fat,Household
NCS29,9.0,Low Fat,Health and Hygiene
NCS30,5.945,Low Fat,Household
NCS38,8.6,Low Fat,Household
NCS41,12.85,Low Fat,Health and Hygiene
NCS42,8.6,Low Fat,Household
NCS53,14.5,Low Fat,Health and Hygiene
NCS54,13.6,Low Fat,Household
NCT05,10.895,Low Fat,Health and Hygiene
NCT06,17.1,Low Fat,Household
NCT17,10.8,Low Fat,Health and Hygiene
NCT18,14.6,Low Fat,Household
NCT29,12.6,Low Fat,Health and Hygiene
NCT30,9.1,Low Fat,Household
NCT41,15.7,Low Fat,Health and Hygiene
NCT42,5.88,Low Fat,Household
NCT53,5.4,Low Fat,Health and Hygiene
NCT54,8.695,Low Fat,Household
NCU05,11.8,Low Fat,Health and Hygiene
NCU06,17.6,Low Fat,Household
NCU17,5.32,Low Fat,Health and Hygiene
NCU18,15.1,Low Fat,Household
NCU29,7.685,Low Fat,Health and Hygiene
NCU30,5.11,Low Fat,Household
NCU41,18.85,Low Fat,Health and Hygiene
NCU42,9.0,Low Fat,Household
NCU53,5.485,Low Fat,Health and Hygiene
NCU54,8.88,Low Fat,Household
NCV05,10.1,Low Fat,Health and Hygiene
NCV06,11.3,Low Fat,Household
NCV17,18.85,Low Fat,Health and Hygiene
NCV18,6.775,Low Fat,Household
NCV29,11.8,Low Fat,Health and Hygiene
NCV30,20.2,Low Fat,Household
NCV41,14.35,Low Fat,Health and Hygiene
NCV42,6.26,Low Fat,Household
NCV53,8.27,Low Fat,Health and Hygiene
NCV54,11.1,Low Fat,Household
NCW05,20.25,Low Fat,Health and Hygiene
NCW06,16.2,Low Fat,Household
NCW17,18.0,Low Fat,Health and Hygiene
NCW18,15.1,Low Fat,Household
NCW29,14.0,Low Fat,Health and Hygiene
NCW30,5.21,Low Fat,Household
NCW41,18.0,Low Fat,Health and Hygiene
NCW42,18.2,Low Fat,Household
NCW53,18.35,Low Fat,Health and Hygiene
NCW54,7.5,Low Fat,Household
NCX05,15.2,Low Fat,Health and Hygiene
NCX06,17.6,Low Fat,Household
NCX17,21.25,Low Fat,Health and Hygiene
NCX18,14.15,Low Fat,Household
NCX29,10.0,Low Fat,Health and Hygiene
NCX30,16.7,Low Fat,Household
NCX41,19.0,Low Fat,Health and Hygiene
NCX42,6.36,Low Fat,Household
NCX53,20.1,Low Fat,Health and Hygiene
NCX54,9.195,Low Fat,Household
NCY05,13.5,Low Fat,Health and Hygiene
NCY06,15.25,Low Fat,Household
NCY17,18.2,Low Fat,Health and Hygiene
NCY18,7.285,Low Fat,Household
NCY29,13.65,Low Fat,Health and Hygiene
NCY30,20.25,Low Fat,Household
NCY41,16.75,Low Fat,Health and Hygiene
NCY42,6.38,Low Fat,Household
NCY53,20.0,Low Fat,Health and Hygiene
NCY54,8.43,Low Fat,Household
NCZ05,8.485,Low Fat,Health and Hygiene
NCZ06,19.6,Low Fat,Household
NCZ17,12.15,Low Fat,Health and Hygiene
NCZ18,7.825,Low Fat,Household
NCZ29,15.0,Low Fat,Health and Hygiene
NCZ30,6.59,Low Fat,Household
NCZ41,19.85,Low Fat,Health and Hygiene
NCZ42,10.5,Low Fat,Household
NCZ53,9.6,Low Fat,Health and Hygiene
NCZ54,14.65,Low Fat,Household
